Well ID,Cycle No.,Steam injected (t),Oil produced (bbl),Energy (kWh/bbl),Rod failures
BGW-07,1,2540,2066,20.3,1
BGW-07,2,2520,1906,21.8,1
BGW-07,3,2620,1980,22.8,2
BGW-04,1,2940,2511,19.6,3
BGW-04,2,2920,2410,20.6,1
BGW-04,3,3020,2469,22.2,1
BGW-04,4,3040,2267,23.4,2
BGW-04,5,3100,2122,23.7,0
BGW-11,1,2340,1879,21.1,1
BGW-11,2,2320,1682,22.2,2
BGW-02,1,2740,2281,19.8,1
BGW-02,2,2720,2131,21.3,1
BGW-02,3,2820,2209,22.7,2
BGW-02,4,2840,2084,23.3,0
BGW-15,1,2440,2046,19.9,1
BGW-09,1,2640,2218,19.7,1
BGW-09,2,2620,2099,21,1
BGW-09,3,2720,2173,22.5,2
