pressure_psia,oil_FVF_rb_per_stb,oil_viscosity_cp,gas_oil_ratio_Mscf_per_stb,source,license
14.7,1.062,1.04,0.001,OPM SPE1CASE1.DATA (Odeh 1981),ODbL 1.0
264.7,1.15,0.975,0.0905,OPM SPE1CASE1.DATA (Odeh 1981),ODbL 1.0
514.7,1.207,0.91,0.18,OPM SPE1CASE1.DATA (Odeh 1981),ODbL 1.0
1014.7,1.295,0.83,0.371,OPM SPE1CASE1.DATA (Odeh 1981),ODbL 1.0
2014.7,1.435,0.695,0.636,OPM SPE1CASE1.DATA (Odeh 1981),ODbL 1.0
2514.7,1.5,0.641,0.775,OPM SPE1CASE1.DATA (Odeh 1981),ODbL 1.0
3014.7,1.565,0.594,0.93,OPM SPE1CASE1.DATA (Odeh 1981),ODbL 1.0
4014.7,1.695,0.51,1.27,OPM SPE1CASE1.DATA (Odeh 1981),ODbL 1.0
5014.7,1.827,0.449,1.618,OPM SPE1CASE1.DATA (Odeh 1981),ODbL 1.0
9014.7,2.357,0.203,3.57,OPM SPE1CASE1.DATA (Odeh 1981),ODbL 1.0
