Sw,Krw,Krow,Pcow_psi,source
0.12,0.0,1.0,0.0,"OPM SPE1CASE1.DATA (Odeh 1981, Corey approximation)"
0.18,4.649e-08,1.0,0.0,"OPM SPE1CASE1.DATA (Odeh 1981, Corey approximation)"
0.24,1.86e-07,0.997,0.0,"OPM SPE1CASE1.DATA (Odeh 1981, Corey approximation)"
0.3,4.184e-07,0.98,0.0,"OPM SPE1CASE1.DATA (Odeh 1981, Corey approximation)"
0.36,7.438e-07,0.7,0.0,"OPM SPE1CASE1.DATA (Odeh 1981, Corey approximation)"
0.42,1.162e-06,0.35,0.0,"OPM SPE1CASE1.DATA (Odeh 1981, Corey approximation)"
0.48,1.674e-06,0.2,0.0,"OPM SPE1CASE1.DATA (Odeh 1981, Corey approximation)"
0.54,2.278e-06,0.09,0.0,"OPM SPE1CASE1.DATA (Odeh 1981, Corey approximation)"
0.6,2.975e-06,0.021,0.0,"OPM SPE1CASE1.DATA (Odeh 1981, Corey approximation)"
0.66,3.765e-06,0.01,0.0,"OPM SPE1CASE1.DATA (Odeh 1981, Corey approximation)"
0.72,4.649e-06,0.001,0.0,"OPM SPE1CASE1.DATA (Odeh 1981, Corey approximation)"
0.78,5.625e-06,0.0001,0.0,"OPM SPE1CASE1.DATA (Odeh 1981, Corey approximation)"
0.84,6.694e-06,0.0,0.0,"OPM SPE1CASE1.DATA (Odeh 1981, Corey approximation)"
0.91,8.154e-06,0.0,0.0,"OPM SPE1CASE1.DATA (Odeh 1981, Corey approximation)"
1.0,1e-05,0.0,0.0,"OPM SPE1CASE1.DATA (Odeh 1981, Corey approximation)"
