parameter,unit,design_criteria_min,design_criteria_max,average_field_value,Baghewala_comparison,reference
Oil gravity, deg API,8.0,35.0,14.4,17-19 (within range),"Sheng (2013), Table 16.1"
In-situ oil viscosity,cP,50.0,350000.0,5247.0,11500 (within range),"Sheng (2013), Table 16.1"
Oil saturation,fraction,0.4,1.0,0.65,"0.65 (assumed, within range)","Sheng (2013), Table 16.1"
Net pay thickness,m,6.0,100.0,24.2,20 (within range),"Sheng (2013), Table 16.1"
Net/Gross ratio,fraction,0.4,1.0,0.65,0.70 (assumed),"Sheng (2013), Table 16.1"
Reservoir depth,m,300.0,1500.0,550.0,"300 (shallow, borderline)","Sheng (2013), Table 16.1"
Porosity,fraction,0.15,0.4,0.28,0.16-0.25 (within range),"Sheng (2013), Table 16.1"
Permeability,mD,200.0,10000.0,2500.0,~1500 (within range),"Sheng (2013), Table 16.1"
Reservoir pressure,psia,100.0,2500.0,500.0,~350 (within range),"Sheng (2013), Table 16.1"
Reservoir temperature, deg C,20.0,80.0,45.0,47 (within range),"Sheng (2013), Table 16.1"
