cycle_number,avg_peak_oil_rate_bpd,avg_injection_steam_tonnes,avg_cycle_duration_days,avg_oil_steam_ratio,avg_cumulative_recovery_pct_OOIP,avg_water_cut_pct,notes,reference
1,250,2400,180,0.45,2.5,25,"Initial cycle, formation heating","Sheng (2013) Ch.16, aggregated from field cases"
2,220,2600,175,0.38,4.8,30,Near-wellbore already heated,"Sheng (2013) Ch.16, aggregated from field cases"
3,190,2800,170,0.33,6.8,33,Optimal OSR cycle,"Sheng (2013) Ch.16, aggregated from field cases"
4,170,2800,168,0.3,8.5,36,Declining OSR,"Sheng (2013) Ch.16, aggregated from field cases"
5,150,3000,165,0.27,10.0,39,Stable intermediate performance,"Sheng (2013) Ch.16, aggregated from field cases"
6,135,3000,162,0.25,11.4,42,Transition to mature phase,"Sheng (2013) Ch.16, aggregated from field cases"
7,120,3200,160,0.23,12.6,45,Consider steam flood conversion,"Sheng (2013) Ch.16, aggregated from field cases"
8,108,3200,158,0.21,13.7,48,High water cut emerging,"Sheng (2013) Ch.16, aggregated from field cases"
9,98,3400,155,0.19,14.7,51,Marginal economics on some wells,"Sheng (2013) Ch.16, aggregated from field cases"
10,88,3400,152,0.18,15.5,54,Near economic limit for shallow fields,"Sheng (2013) Ch.16, aggregated from field cases"
11,80,3600,150,0.17,16.3,57,Deep wells may still be viable,"Sheng (2013) Ch.16, aggregated from field cases"
12,73,3600,148,0.16,17.0,60,Consider SAGD conversion,"Sheng (2013) Ch.16, aggregated from field cases"
13,67,3800,145,0.15,17.6,63,End of CSS for most reservoirs,"Sheng (2013) Ch.16, aggregated from field cases"
14,62,3800,142,0.14,18.2,66,Only Karamay-type reservoirs continue,"Sheng (2013) Ch.16, aggregated from field cases"
15,58,4000,140,0.13,18.7,69,Technically feasible but marginally economic,"Sheng (2013) Ch.16, aggregated from field cases"
